Auto Components,Composants de les Automobiles,Componentes del Automóvil ,Consumer Discretionary,1,"The Auto Components Industry  in the Consumer Discretionary Sector includes manufacturers of parts and accessories for automobiles and motorcycles, and manufactures of tires and rubber.","L'industrie composants de les automobile dans le secteur de la consommation discrétionnaire comprend les fabricants de pièces et accessoires pour automobiles et des motos, et les fabricants de pneus et de caoutchouc.","La industria de los componentes del automóvil en el sector del consumo discrecional incluyen a los fabricantes de piezas y accesorios para automóviles y motos, y a los fabricantes de neumáticos y caucho."
Automobiles,Automobiles,Automóviles,Consumer Discretionary,1,"The Automobiles Industry in the Consumer Discretionary Sector includes companies that produce passenger automobiles, light trucks, motorcycles, scooters, or three-wheelers. It does not include producers of heavy duty trucks classified in the Construction and Farm Machinery and Heavy Trucks industry, or producers of bicycles classified in the Leisure Products industry.","L'industrie automobile dans le secteur de la consommation discrétionnaire comprend les entreprises qui fabriquent des voitures de tourisme, des camionnettes, des motocyclettes, des scooters, ou des trois roues. Il ne comprend pas les fabricants de camions lourds classés dans l’industrie de la construction et des machines agricoles et camions lourds, ou des fabricants de bicyclettes classés dans l'industrie des loisirs.","La industria de  automóviles en el sector del consumo discrecional incluye empresas que fabrican coches de turismo, camionetas, motocicletas, vespas o triciclos.  No incluye a los fabricantes de camiones pesados clasificados en la industria de construcción y maquinarias agrícolas y camiones pesados, o los fabricantes de bicicletas clasificados en la industria del ocio."
Distributors,Distributeurs,Distribuidores,Consumer Discretionary,1,The Distributors Industry in the Consumer Discretionary Sector includes distributors and wholesalers of general merchandise not classified elsewhere. It includes vehicle distribution.,L'industrie des distributeurs dans le secteur de la consommation discrétionnaire comprend les distributeurs et les grossistes généraux des marchandises non classées ailleurs. Il comprend la distribution des véhicules.,La industria de distribuidores en el sector del consumo discrecional incluye a los distribuidores y mayoristas generales de mercancías no clasificadas en otro lugar. Incluye la distribución de vehículos.
Diversified Consumer Services,Services Diversifiés du Consommateur ,Servicios Diversificados del Consumidor ,Consumer Discretionary,1,"The Diversified Consumer Services Industry in the Consumer Discretionary Sector includes companies providing Educational Services, either online or through conventional teaching methods. It also includes Specialized Consumer Services not classified elsewhere, such as residential, home security, legal, personal, renovation & interior design, consumer auctions, and wedding & funeral services.","L'industrie des services diversifiés du consommateur dans le secteur de la consommation discrétionnaire comprend des entreprises fournissant des services éducatifs, soit en ligne ou par le biais des méthodes d'enseignement classiques. Il comprend également les services spécialisés aux consommateurs non classés ailleurs, tels que la résidence, la sécurité à domicile, juridique, personnel, la rénovation et la décoration intérieure, des ventes aux enchères de consommation, et les services de mariag","La industria de servicios diversificados del consumidor en el sector del consumo discrecional incluye empresas que prestan servicios educativos, ya sea en línea o mediante métodos de enseñanza clásicos.  Incluye también los servicios especializados para los consumidores no clasificados en otro lugar, tales como la residencia, la seguridad a domicilio, jurídica, personal, la renovación y decoración interior, las ventas a pujas de consumo, y los servicios de matrimonio y entierros."
"Hotels, Restaurants & Leisure","Hôtels, des Restaurants et des Loisirs","Hoteles, Restaurantes y Ocio",Consumer Discretionary,1,"The Hotels, Restaurants, and Leisure Industry in the Consumer Discretionary Sector includes owners and operators of Casinos & Gaming, Hotels, Resorts, and Cruise Lines, Leisure Facilities, and Restaurants.","L'industrie des hôtels, des restaurants et des loisirs dans le secteur de la consommation discrétionnaire comprend les propriétaires et les exploitants des casinos et de jeu, les hôtels, les stations, et les lignes de croisière, les installations de loisirs, et les restaurants.","La industria de los hoteles, restaurantes y ocio en el sector del consumo discrecional incluye a los propietarios y explotadores de casinos y juegos, hoteles, estaciones, líneas de crucero, instalaciones de ocio y los restaurantes."
Household Durables,Biens de Ménage Durables,Bienes de Hogar Duraderos,Consumer Discretionary,1,"The Household Durables Industry in the Consumer Discretionary Sector includes manufacturers of Consumer Electronics, Home Furnishings, Homebuilding, Household Appliances, and Housewares and Specialties.","L'industrie des biens de ménage durables dans le secteur de la consommation discrétionnaire comprend les fabricants de l'électronique grand public, de l'ameublement maison, des constructions résidentielles, des électroménagers, et des articles de ménage et de spécialité.","La industria de bienes de hogar duraderos en el sector del consumo discrecional incluye a los fabricantes de electrónica gran público, mobiliario de casa, construcciones residenciales, electrodomésticos, y artículos del hogar y de especialidad."
Internet & Catalog Retail,Détail de l'Internet et le Catalogue,Internet al por menor y Catálogos ,Consumer Discretionary,1,"The Internet and Catalog Retail Industry in the Consumer Discretionary Sector includes mail order and door-to-door retailers, TV home shopping retailers, and companies providing retail services primarily on the Internet not classified elsewhere.","L'industrie de détail de l'Internet et le catalogue dans le secteur de la consommation discrétionnaire comprend la vente par correspondance et les détaillants de porte-à-porte, les détaillants maison de télé-achat, et les entreprises qui fournissent des services de vente au détail principalement sur l'Internet non classées ailleurs.","La industria de Internet al por menor y catálogos en el sector del consumo discrecional incluye la venta por correspondencia y a los minoristas de puerta a puerta, a los minoristas caseros de tele compra, y empresas que prestan servicios de venta al por menor principalmente en Internet no clasificadas en otro lugar."
Leisure Products,Produits de Loisirs ,Productos de Ocio,Consumer Discretionary,1,"The Leisure Products Industry in the Consumer Discretionary Sector includes manufacturers of leisure products and equipment including sports equipment, bicycles and toys.","L'industrie des loisirs dans le secteur de la consommation discrétionnaire comprend les fabricants de produits de loisirs et de l’équipement y compris le matériel de sports, des vélos et des jouets.","La industria del productos de ocio en el sector del consumo discrecional incluye a los fabricantes de productos de ocio y su equipamiento incluido el material de deporte, bicicletas y juguetes."
Media,Médias ,Media,Consumer Discretionary,1,"The Media Industry in the Consumer Discretionary Sector includes companies providing Advertising, Broadcasting, Cable, Satellite, Movies, Entertainment, and Publishing services.","L'industrie des médias dans le secteur de la consommation discrétionnaire comprend des sociétés fournissant publicité, radiodiffusion, câble, satellite, films, spectacles, et services de publication.","La industria de los media en el sector del consumo discrecional incluye sociedades que brindan publicidad, radiodifusión, cable, satélite, películas, espectáculos, y servicios de publicación."
Multiline Retail,Détail Multi-ligne ,Multilínea al por menor ,Consumer Discretionary,1,The Multiline Retail Industry in the Consumer Discretionary Sector includes owners and operators of department stores and stores offering diversified general merchandise. It excludes hypemarkets and large-scale super centers classified in Food and Staples Retailing.,L´industrie du détail multi-ligne dans le secteur de la consommation discrétionnaire comprend les propriétaires et les exploitants des grands magasins et des magasins offrant des marchandises d’ensemble diversifié. Elle exclut les hypermarchés et les grandes surfaces classées dans les aliments et les ventes au détail.,La industria de la multilínea al por menor en el sector del consumo discrecional incluye a los propietarios y explotadores de grandes almacenes y almacenes que ofrecen mercancías globales diversificadas. Excluye los hipermercados y las grandes superficies clasificadas en los alimentos y ventas al por menor.
Specialty Retail,Détail Spécialisé ,Por Menor Especializado,Consumer Discretionary,1,"The Specialty Retail Industry in the Consumer Discretionary Sector includes owners and operators of Apparel Retail, Computer & Electronics Retail, Home Improvement Retail, Specialty Stores, Automotive Retail, and Homefurnishing Retail.","L´industrie du détail spécialisé dans le secteur de la consommation discrétionnaire comprend les propriétaires et exploitants de vêtements au détail, de l’informatique et de l’électronique de détail, de la décoration du domicile au détail, des magasins spécialisés, des automobiles de détail, et d’ameublement de détail.","La industria del por menor especializado en el sector del consumo discrecional incluye a los propietarios y explotadores de prendas de vestir al por menor, la informática y la electrónica al por menor, la decoración del domicilio al por menor, los almacenes especializados, los automóviles al por menor, y el mobiliario al por menor."
"Textiles, Apparel & Luxury Goods"," Textiles, des Vêtements et des Produits de Luxe","Textiles, Prendas de Vestir y Productos de Lujo",Consumer Discretionary,1,"The Textiles, Apparel and Luxury Goods Industry in the Consumer Discretionary Sector includes manufacturers of Apparel, Accessories, Luxury Goods, Footwear, and Textiles.","L'industrie des textiles, des vêtements et des produits de luxe dans le secteur de la consommation discrétionnaire comprend les fabricants de vêtements, d'accessoires, de produits de luxe, de chaussures, et de tissus.","La industria de textiles, prendas de vestir y productos de lujo en el sector del consumo discrecional incluye a los fabricantes de vestidos, accesorios, productos de lujo, zapatos, y tejidos."
Beverages,Boissons ,Bebidas,Consumer Staples,2,"The Beverages Industry in the Consumer Staples Sector includes Brewers, Distillers & Vintners, and Soft Drinks.","L'industrie des boissons dans le secteur des biens de consommation comprend les brasseurs, les distillateurs et viticulteurs, et les boissons gazeuses.","La industria de bebidas en el sector de bienes de consumo incluye a los cerveceros, destiladores y viticultores y las bebidas gaseosas."
Food & Staples Retailing,Alimentaire et du Commerce d’aliments au Détail ,Alimentaria y el Comercio de Alimentos al por menos,Consumer Staples,2,"The Food and Staples Retailing Industry in the Consumer Staples Sector includes Drug Retail, Food Distributors, Food Retail, and Hypermarkets & Super Centers.","L'industrie alimentaire et du commerce d’aliments au détail dans le secteur de la consommation de base comprend des médicaments au détail, les distributeurs de produits alimentaires, d’aliments au détail, et les hypermarchés et les grandes surfaces.","La industria alimentaria y el comercio de alimentos al por menos en el sector del consumo básico incluye medicamentos al por menor, los distribuidores de productos alimentarios, alimentos al por menor, y los hipermercados y grandes superficies."
Food Products,Produits Alimentaires,Productos Alimentarios,Consumer Staples,2,The Food Products Industry in the Consumer Staples Sector includes Agricultural Products and Packaged Foods & Meats.,L'industrie des produits alimentaires dans le secteur des biens de consommation comprend les produits agricoles et les aliments emballés et viandes.,La industria de productos alimentarios en el sector de bienes de consumo incluye productos agrícolas y alimentos embalados y carnes.
Household Products,Produits Ménagers ,Productos Domesticos,Consumer Staples,2,"The Household Products Industry in the Consumer Staples Sector includes producers of non-durable household products (including detergents, soaps, diapers, and other tissue and household paper products not classified in the Paper Products Industry).","L'industrie des produits ménagers dans le secteur des biens de consommation inclut des producteurs de produits ménagers non durables (y compris les détergents, les savons, les couches, et autres produits de papier et de papier de ménage non classés dans l'industrie des produits de papier).","La industria de productos domésticos en el sector de bienes de consumo incluye a productores de productos domésticos no duraderos (incluidos los detergentes, jabones, pañales, y otros productos de papel y papel doméstico no clasificados en la industria de productos de papel)."
Personal Products,Produits Personnels ,Productos Personales,Consumer Staples,2,The Personal Products Industry in the Consumer Staples Sector includes manufacturers of personal and beauty care products (including cosmetics and perfumes).,L'industrie des produits personnels dans le secteur des biens de consommation comprend les fabricants de produits et le personnel de soins de beauté (y compris les cosmétiques et les parfums).,La industria de productos personales en el sector de bienes de consumo incluye a los fabricantes de productos y personal de cuidados de belleza (incluidos los cosméticos y perfumes).
Tobacco,Tabac,Tabaquera ,Consumer Staples,2,The Tobacco Industry in the Consumer Staples Sector includes manufacturers of cigarettes and other tobacco products.,L'industrie du tabac dans le secteur des biens de consommation comprend les fabricants de cigarettes et autres produits de tabac.,La industria tabaquera en el sector de bienes de consumo incluye a los fabricantes de cigarrillos y otros productos tabaqueros.
Energy Equipment & Services,Equipement d’énergie et les Services,Equipamento de Energia y Servicios,Energy,3,"The Energy Equipment & Services Industry in the Energy Sector includes Oil and Gas Drilling contractors, or owners of drilling rigs that contract their services for drilling wells. It also includes manufacturers of Oil and Gas equipment (including drilling rigs and equipment), and providers of supplies and services to companies involved in drilling, evaluation, and completion of oil and gas wells.","L’industrie de l'équipement d’énergie et les services dans le secteur de l'énergie comprend des entrepreneurs de forage pétrolier et gazier, ou les propriétaires de plates-formes de forage qui contractent leurs services pour les puits de forage. Il comprend en outre les fabricants d'équipement de pétrole et de gaz (y compris les installations et équipements de forage), et les fournisseurs de fournitures et de services aux entreprises impliquées dans le forage, l'évaluation, et l'achèvement des p","La industria del equipamiento de energía y servicios en el sector energético incluye empresarios de perforación petrolífera y gasera, o propietarios de plataformas de perforación que contratan sus servicios para pozos de perforación. Incluye por otro lado a los fabricantes de equipamiento de petróleo y gas (incluidas las instalaciones y equipamientos de perforación), y los proveedores de suministros y servicios empresariales implicados en la perforación, evaluación, y terminación de pozos de pet"
"Oil, Gas & Consumable Fuels"," Pétrole, du gaz et d’autres Carburants "," Petróleo, Gas y otros Combustibles ",Energy,3,"The Oil, Gas, and Consumable Fuels Industry in the Energy Sector includes Integrated Oil & Gas, Oil & Gas Exploration & Production, Oil and Gas Refining and Marketing, Oil and Gas Storage and Transportation, and Coal and Consumable Fuels.","L'industrie du pétrole, du gaz et d’autres carburants dans le secteur de l'énergie comprend le pétrole et le gaz intégré, l'exploration et la production de pétrole et de gaz, le raffinage du pétrole et du gaz, la commercialisation du pétrole et le stockage de gaz, et les transports, et du charbon et autres carburants.","La industria del petróleo, gas y otros combustibles en el sector energético incluye el petróleo y el gas integrado, la exploración y la producción de petróleo y gas, el refinado del petróleo y gas, la comercialización del petróleo y el almacenamiento de gas, el carbón y otros combustibles y los transportes."
Banks,Bancaire ,Bancaria,Financials,4,"The Banks Industry in the Financials Sector includes diversified and regional Banks whose businesses are derived primarily from conventional banking operations, and have significant business activity in retail banking, and small and medium corporate lending.","L'industrie bancaire dans le secteur financier comprend des services financiers diversifiés et des banques régionales dont les actions sont orientées principalement vers des opérations bancaires classiques, et une activité significative dans la banque au détail, les prêts aux petites et moyennes entreprises.","La industria bancaria en el sector financiero incluye servicios financieros diversificados y bancos regionales cuyas acciones se orientan principalmente hacia operaciones bancarias clásicas, y una actividad significativa en el banco al detalle, y préstamos a las pequeñas y medianas empresas."
Capital Markets,Marché d’actifs,Mercado de Activos ,Financials,4,"The Capital Markets Industry in the Financials Sector includes Asset Management & Custody Banks, Investment Banking & Brokerage, and Diversified Capital Markets.","L'industrie du marché d’actifs dans le secteur financier comprend des banques de gestion et de garde d’actifs, la banque d’investissement et de courtage, et des marchés financiers diversifiés.","La industria del mercado de activos en el sector financiero incluye bancos de gestión y custodia de activos, bancos de inversión y corretaje, y mercados financieros diversificados."
Consumer Finance,Finances des Consommateurs ,Finanzas de Consumidores,Financials,4,"The Consumer Finance Industry in the Financials Sector includes providers of consumer finance services (including personal credit, credit cards, lease financing, travel-related money services, and pawn shops).","L'industrie des finances des consommateurs dans le secteur des services financiers comprend les fournisseurs de services de crédit à la consommation (y compris le crédit personnel, les cartes de crédit, crédit-bail, services monétaires liés aux voyages, et les prêteurs à gages).","La industria de finanzas de consumidores en el sector de servicios financieros incluye a los prestatarios de servicios de crédito al consumidor (incluido el crédito personal, las tarjetas de crédito, arriendo, servicios monetarios vinculados con los viajes, y los prestamistas con prendas)."
Diversified Financial Services,Services Financiers Diversifiés,Servicios Financieros Diversificados ,Financials,4,"The Diversified Financial Services Industry in the Financials Sector includes providers of a diverse range of financial services and/or with some interest in a wide range of financial services including banking, insurance and capital markets, but with no dominant business line. Also includes Multi-Sector Holdings companies with significantly diversified holdings across three or more sectors, none of which contributes a majority of profit and/or sales, and Specialized Finance providers such as cr","L'industrie des services financiers diversifiés dans le secteur des services financiers comprend les fournisseurs d'une gamme diversifiée de services financiers et/ou avec un certain intérêt dans un large éventail de services financiers, y compris les banques, les assurances et les marchés financiers, mais sans ligne d’affaires dominant. Il comprend en outre les entreprises portefeuille multisectoriel de façon significative avec des exploitations diversifiées à travers trois ou plusieurs secteur","La industria de servicios financieros diversificados en el sector de servicios financieros incluye a proveedores de una gama diversificada de servicios financieros y/o con un determinado interés en un amplio abanico de servicios financieros, incluidos los bancos, las aseguradoras y los mercados financieros, pero sin línea de negocios dominante. Incluye por otro lado a empresas de cartera multisectorial de manera significativa con explotaciones diversificadas a través de tres o varios sectores, n"
Insurance,L’assurance,Seguro ,Financials,4,"The Insurance Industry in the Financials Sector includes Insurance Brokers, Life and Health Insurance Companies, Multi-line Insurance Companies, Property and Casualty Insurance Companies, and Reinsurance Companies.","L’industrie de l’assurance dans le secteur des services financiers comprend des courtiers d’assurances, les compagnies d'assurance santé, multi-ligne, des sociétés d'assurance IARD, des compagnies d’assurance et de réassurance.","La industria del seguro en el sector de servicios financieros incluye agentes de seguros, compañías de seguro salud, mixtilínea, sociedades de seguro IARD, compañías de seguro y reaseguro."
Real Estate Investment Trusts (REITs),Fiducies de Placement Immobilier (REIT) ,Fideicomiso de inversiones inmobiliarias,Financials,4,"The Real Estate Investment Trusts (REITS) Industry in the Financials Sector includes companies or trusts engaged in Diversified, Industrial, Mortgage, Office, Residential, Retail, or Specialized REITs.","Les fiducies de placement immobilier (REIT) dans le secteur des services financiers comprend des fiducies ou des sociétés engagées dans des FPI diversifiées, industrielles, hypothèques, bureau, résidentiel, commerce au détail, ou spécialisé.","Los Fondos de Inversión Inmobiliaria (REIT) en el sector de servicios financieros incluye fideicomisos o empresas dedicadas a REIT diversificado, industrial, hipoteca, oficinas, residenciales, comerciales, o especializado."
Real Estate Management & Development,Gestion Immobilière et du Développement ,Gestion Inmobiliaria y Desarrollo,Financials,4,Real Estate Management & Development,"L'industrie de la gestion immobilière et du développement dans le secteur des services financiers comprend les entreprises engagées dans des activités immobilières diversifiées, les sociétés d’exploitation et de développement immobilier et les services immobiliers.","La industria de gestión inmobiliaria y desarrollo en el sector de servicios financieros incluye empresas implicadas en actividades inmobiliarias diversificadas, sociedades de explotación y desarrollo inmobiliario y servicios inmobiliarios."
Thrifts & Mortgage Finance,Thrifts et des Finances Hypothécaires,Thrifts y Finanzas Hipotecarias,Financials,4,"The Thrifts and Mortgage Finance Industry in the Financials Sector includes financial institutions providing mortgage and mortgage related services (including financial institutions whose assets are primarily mortgage related, savings and loans, mortgage Government Sponsored Enterprises (GSEs), mortgage lending institutions, building societies, and companies providing insurance to mortgage banks).","L'industrie des Thrifts et des finances hypothécaires dans le secteur des services financiers comprend des institutions financières fournissant l'hypothécaire et des services liés aux prêts hypothécaires (y compris les institutions financières dont les actifs sont principalement les hypothécaires connexes, l'épargne et les prêts, les institutions de prêts hypothécaires gouvernementaux (GSE), des sociétés de prêt hypothécaire, des sociétés de construction, et des entreprises fournissant l'assuran","La industria de Thrifts y finanzas hipotecarias en el sector de servicios financieros incluye instituciones financieras que proporcionan hipotecas y servicios vinculados con los préstamos hipotecarios (incluidas las instituciones financieras cuyos activos son principalmente hipotecas conexas, ahorro y préstamos, las instituciones de préstamos hipotecarios gubernamentales (GSE), sociedades de préstamo hipotecario, sociedades de construcción, y empresas que proporcionan seguros a los bancos hipote"
Biotechnology,Biotechnologie,Biotecnología,Health Care,5,"The Biotechnology Industry in the Health Care Sector includes companies primarily engaged in the research, development, manufacturing and/or marketing of products based on genetic analysis and genetic engineering (including companies specializing in protein-based therapeutics to treat human diseases).","L'industrie de la biotechnologie dans le secteur des soins de santé comprend des sociétés engagées principalement dans la recherche, le développement, la fabrication et/ou la commercialisation de produits basés sur l'analyse génétique et du genie génétique (y compris des sociétés spécialisées dans des protéines thérapeutiques pour traiter les maladies humaines).","La industria de la biotecnología en el sector de asistencia sanitaria incluye sociedades implicadas principalmente en la investigación, desarrollo, fabricación y/o comercialización de productos basados en el análisis genético y la ingeniería genética (incluidas las sociedades especializadas en proteínas terapéuticas para tratar enfermedades humanas)."
Health Care Equipment & Supplies,L'équipement des soins de Santé et des Fournitures Sanitaires,Equipamiento de Asistencia Sanitaria y Suministros Sanitarios,Health Care,5,"The Health Care Equipment and Supplies Industry in the Health Care Sector includes manufacturers of health care equipment, devices, supplies, and medical products not classified elsewhere (including medical instruments, drug delivery systems, cardiovascular and orthopedic devices, diagnostic equipment, eye care products, hospital supplies, and safety needle and syringe devices).","L'industrie de l'équipement des soins de santé et des fournitures sanitaires dans le secteur des soins de santé comprend des fabricants du secteur de l'équipement de soins de santé, des appareils, des fournitures, et des produits médicaux non classés ailleurs (y compris les instruments médicaux, les systèmes de délivrance de médicaments, des appareils cardiovasculaires et orthopédiques, du matériel de diagnostic, des produits de soins oculaires, des fournitures hospitalières, et des aiguilles de","La industria de equipamiento de asistencia sanitaria y suministros sanitarios en el sector de asistencia sanitaria incluye a fabricantes del sector de equipamiento de asistencia sanitaria, aparatos, suministros, y productos médicos no clasificados en otro lugar (incluidos los instrumentos médicos, sistemas de entrega de medicamentos, aparatos cardiovasculares y ortopédicos, material de diagnóstico, productos de cuidados oculares, suministros hospitalarios, y agujas de seguridad y dispositivos de"
Health Care Providers  & Services,L’équipement des soins de Santé et des Services,Equipamiento de Asistencia Sanitaria y Servicios Sanitarios,Health Care,5,"The Health Care Provider and Services Industry in the Health Care Sector includes distributors and wholesalers of healthcare products not classified elsewhere, providers of Health Care Services, and owners and operators of Health Care Facilities and Managed Health Care.","L’industrie de l’équipement des soins de santé et des services dans le secteur des soins de santé comprend les distributeurs et les grossistes de produits de soins de santé non classés ailleurs, les fournisseurs de services de soins de santé, et les propriétaires et les exploitants des établissements de soins de santé et les soins de santé gérés.","La industria de equipamiento de asistencia sanitaria y servicios sanitarios en el sector de asistencia sanitaria incluye a los distribuidores y mayoristas de productos de asistencia sanitaria no clasificados en otro lugar, los prestatarios de servicios de asistencia sanitaria, y los propietarios y explotadores de centros de asistencia sanitaria y la asistencia sanitaria administrada."
Health Care Technology,Technologie des soins de Santé,Tecnología de Asistencia Sanitaria,Health Care,5,"The Health Care Technology Industry in the Health Care Sector includes companies providing information technology services primarily to health care providers. Includes companies providing application, systems and/or data processing software, internet-based tools, and IT consulting services to doctors, hospitals or businesses operating primarily in the Health Care Sector.","L'industrie de la technologie des soins de santé dans le secteur des soins de santé comprend les sociétés fournissant des services de technologie de l'information principalement aux fournisseurs de soins de santé. Il comprend des sociétés fournissant des applications, des systèmes et/ou des logiciels de traitement de données, des outils basés sur internet, et des services – conseils aux médecins, aux hôpitaux ou aux sociétés opérant principalement dans le secteur des soins de santé.","La industria de la tecnología de asistencia sanitaria en el sector de asistencia sanitaria incluye sociedades que prestan servicios de tecnología de la información principalmente a proveedores de asistencia sanitaria.  Incluye sociedades que dan aplicaciones, sistemas y/o programas informáticos de tratamiento de datos, herramientas basadas en Internet, y servicios - consejos a los médicos, hospitales o a sociedades que operan principalmente en el sector de asistencia sanitaria."
Life Sciences Tools & Services,Outils des Sciences de la Vie et des Services,Herramientas de las Ciencias de la Vida y Servicios ,Health Care,5,"The Life Sciences Tools and Services Industry in the Health Care Sector includes companies involved in drug discovery, development, and production continuum by providing analytical tools, instruments, consumables and supplies, clinical trial services, and contract research services (including firms primarily servicing the pharmaceutical and biotechnology industries).","L’industrie des outils des sciences de la vie et de services dans le secteur des soins de santé comprend des entreprises du secteur impliqués dans la découverte des médicaments, le développement, et la chaîne de production en fournissant des outils d’analyse, des instruments, des consommables et des fournitures, des services d'essais cliniques, et des services de recherche sous contrat (y compris les entreprises desservant principalement l’industrie pharmaceutique et les industries de la biotech","La industria de herramientas de las ciencias de la vida y servicios en el sector de asistencia sanitaria incluye empresas del sector implicados en el descubrimiento de medicamentos, desarrollo, y cadena de producción brindando herramientas de análisis, instrumentos, consumibles y suministros, servicios de pruebas clínicas, y servicios de investigación bajo contrato (incluidas las empresas que sirven principalmente la industria farmacéutica e industrias de la biotecnología)."
Pharmaceuticals,Pharmaceutique,Farmacéutica ,Health Care,5,"The Pharmaceuticals Industry in the Health Care Sector includes companies engaged in the research, development, or production of pharmaceuticals (including veterinary drugs).","L'industrie pharmaceutique dans le secteur des soins de santé comprend les sociétés engagées dans la recherche, le développement ou la production de produits pharmaceutiques (y compris les médicaments vétérinaires).","La industria farmacéutica en el sector de asistencia sanitaria incluye a las sociedades implicadas en la investigación, desarrollo o producción de productos farmacéuticos (incluidos los medicamentos de uso veterinario)."
Aerospace & Defense,Aérospatiale et la Défense,Aeroespacial y la Defensa ,Industrials,6,"The Aerospace and Defense Industry in the Industrials Sector includes manufacturers of civil or military aerospace and defense equipment, parts, or products (including defense electronics and space equipment).","L'industrie aérospatiale et la défense dans le secteur de l’industrie comprend les fabricants de l’aérospatiale civile ou militaire et de défense, des pièces ou produits (y compris l’électronique de défense et de matériel spatial).","La industria aeroespacial y la defensa en el sector de la industria incluye a fabricantes del aeroespacial civil o militar y de defensa, piezas o productos (incluida la electrónica de defensa y material espacial)."
Air Freight & Logistics,Frêt Aérien et de la Logistique,Flete Aéreo y Logística,Industrials,6,"The Air Freight and Logistics Industry in the Industrials Sector includes companies providing air freight transportation, courier, and logistics services (including package and mail delivery and customs agents). It does not include companies classified in the Airlines, Marine, or Trucking industries.","L'industrie du frêt aérien et de la logistique dans le secteur des produits industriels comprend les entreprises qui fournissent des services de frêt aérien, de messagerie, et de logistique (y compris l’emballage et la livraison du courrier, et des agents des douanes). Il ne comprend pas les sociétés répertoriées dans les industries des compagnies aériennes, maritimes ou de camionnage.","La industria del flete aéreo y logística en el sector de productos industriales incluye empresas que prestan servicios de flete aéreo, servicio de mensajería, y logística (incluidos el embalaje y entrega del correo, y agentes de aduanas).  No incluye sociedades listadas en las industrias de compañías aéreas, marítimas o de camionaje."
Airlines,Aérienne ,Aerolíneas,Industrials,6,The Airlines Industry in the Industrials Sector includes companies providing primarily passenger air transportation.,L'industrie aérienne dans le secteur des produits industriels comprend des compagnies fournissant principalement le transport aérien de passagers.,La industria aerolíneas en el sector de productos industriales incluye compañías que proporcionan principalmente el transporte aéreo de pasajeros.
Building Products,Matériaux de Construction ,Materiales de Construcción ,Industrials,6,"The Building Products Industry in the Industrials Sector includes manufacturers of building components, home improvement products, and equipment. It does not include manufacturers of lumber and plywood classified under Forest Products, and cement and other materials classified under Construction Materials.","L'industrie des matériaux de construction dans le secteur des produits industriels comprend les fabricants des composants de construction, des produits de rénovation domiciliaire et de l'équipement. Il ne comprend pas les fabricants de bois d’œuvre et du contreplaqué classé dans les produits forestiers, et du ciment et d'autres matériaux classés dans les matériaux de construction.","La industria de materiales de construcción en el sector de productos industriales incluye a los fabricantes de componentes de construcción, productos de renovación domiciliaria y equipamiento.  No incluye a los fabricantes de madera de construcción y madera clasificada en los productos forestales, y cemento y otros materiales clasificados en los materiales de construcción."
Commercial Services & Supplies,Services Commerciaux et des Fournitures ,Servicios Comerciales y Suministros,Industrials,6,"The Commercial Services and Supplies Industry in the Industrials Sector includes companies providing Commercial Printing, Environmental and Facilities Services, Office Services and Supplies, Diversified Support Service and Security and Alarm Services.","L'industrie des services commerciaux et des fournitures dans le secteur des produits industriels comprend les entreprises fournissant l'impression commerciale, les services environnementaux et de l'équipement, des services et fournitures de bureau, un service diversifié et des services de sécurité et d'alarme.","La industria de servicios comerciales y suministros en el sector de productos industriales incluye las empresas que brindan impresión comercial, servicios medioambientales y equipamiento, servicios y suministros de oficina, servicios diversificados y servicios de seguridad y alarma."
Construction & Engineering,Ingénierie et de Construction,Ingeniería y Construcción ,Industrials,6,The Construction and Engineering Industry in the Industrials Sector includes companies engaged primarily in non-residential construction (including civil engineering companies and large-scale contractors). It does not include companies classified in the Homebuilding industry.,L'industrie du ingénierie et de la construction dans le secteur des produits industriels comprend des entreprises engagées principalement dans la construction non résidentielle (y compris des sociétés de génie civil et les entrepreneurs à grande échelle). Il n'inclut pas des entreprises classées dans l'industrie de la construction résidentielle.,La industria de la ingeniería y construcción en el sector de productos industriales incluye empresas implicadas principalmente en la construcción no residencial (incluidas sociedades de ingeniería civil y empresarios a gran escala). No incluye empresas clasificadas en la industria de la construcción residencial.
Electrical Equipment,Matériel Electrique,Material Eléctrico,Industrials,6,"The Electrical Equipment Industry in the Industrials Sector includes companies that produce electric cables and wires, electrical components or equipment; and manufacturers of power-generating equipment and other heavy electrical equipment (including power turbines, heavy electrical machinery intended for fixed-use and large electrical systems).","L'industrie du matériel électrique dans le secteur des produits industriels comprend les sociétés qui produisent des câbles et des fils électriques, des composants ou de équipements électriques; et les fabricants d'équipements de production d’énergie et d’autres équipements électriques lourds (y compris les turbines, les machines électriques lourdes destinées aux fixes et de grands systèmes électriques).","La industria del material eléctrico en el sector de productos industriales incluye a sociedades que producen cables e hilos eléctricos, componentes o equipos eléctricos;  y los fabricantes de equipamientos de producción de energía y otros equipos eléctricos pesados (incluidas las turbinas, máquinas eléctricas pesadas destinadas para fijos y grandes sistemas eléctricos)."
Industrial Conglomerates,Conglomérats Industriels,Conglomerados Industriales,Industrials,6,"The Industrial Conglomerates Industry in the Industrials Sector includes diversified industrial companies with business activities in three or more sectors, none of which contributes a majority of revenues. Stakes held are predominantly of a controlling nature and stake holders maintain an operational interest in the running of the subsidiaries.","L'industrie des conglomérats industriels dans le secteur des produits industriels regroupe les entreprises avec les entreprises industrielles diversifiées avec des activités dans trois ou plusieurs secteurs, sans qu’aucune ne constitue à la majorité des revenus. Les participations sont de nature principalement à prédominance de contrôle et d’appui et de maintenir un intérêt opérationnel dans la gestion des filiales.","La industria de conglomerados industriales en el sector de productos industriales agrupa a sociedades con empresas industriales diversificadas con actividades en tres o varios sectores, sin que ninguna constituya mayoría de rentas.  Las participaciones son de naturaleza principalmente con predominio de control y apoyo y para mantener un interés operativo en la gestión de las sucursales."
Machinery,Machines,Máquinas ,Industrials,6,"The Machinery Industry in the Industrials Sector includes manufacturers of Construction, Farm and Industrial Machinery, and Heavy Trucks.","L'industrie des machines dans le secteur des produits industriels comprend les fabricants de construction, de machines agricoles et industrielles, et de camions lourds.","La industria de máquinas en el sector de productos industriales incluye a los fabricantes de construcción de maquinarias agrícolas e industriales, y camiones pesados."
Marine,Maritime,Marítima ,Industrials,6,"The Marine Industry in the Industrials Sector includes companies providing goods or passenger maritime transportation. It does not include cruise ships classified in the Hotels, Resorts & Cruise Lines industry.","L'industrie maritime dans le secteur des produits industriels comprend les entreprises qui fournissent des biens ou le transport maritime de passagers. Il ne comprend pas les navires de croisière classés dans le secteur des hôtels, des stations et des lignes de croisière.","La industria marítima en el sector de productos industriales incluye a empresas que proporcionan bienes o transporte marítimo de pasajeros.  No incluye los buques de crucero clasificados en el sector de hoteles, estaciones y líneas de crucero."
Professional Services,Services Professionnels ,Servicios Profesionales,Industrials,6,The Professional Services Industry in the Industrials Sector includes companies providing Human Resource and Employment Services as well as Research and Consulting Services.,L'industrie des services professionnels dans le secteur des produits industriels comprend des entreprises fournissant des ressources humaines et des services d'emploi ainsi que de la recherche et des services de conseil.,La industria de servicios profesionales en el sector de productos industriales incluye a empresas que prestan recursos humanos y servicios de empleo así como investigación y servicios de asesoría.
Road & Rail,Routière et Ferroviaire,Carreteras y Ferroviaria ,Industrials,6,The Road and Rail Industry in the Industrials Sector includes companies primarily providing goods and passenger railroads and trucking transportation (including vehicle rental and taxi companies).,L'industrie routière et ferroviaire dans le secteur des produits industriels comprend les entreprises qui fournissent des biens et des passagers principalement par chemin de fer et le transport routier (y compris la location de véhicules et les compagnies de taxi).,La industria de carreteras y ferroviaria en el sector de productos industriales incluye a empresas que proporcionan bienes y pasajeros principalmente por ferrocarril y el transporte por carretera (incluido el alquiler de vehículos y las compañías de taxi).
Trading Companies & Distributors,Entreprises de Commerce et des Distributeurs,Empresas de Comercio y Distribuidores,Industrials,6,The Trading Companies and Distributors Industry in the Industrials Sector includes trading companies and other distributors of industrial equipment and products.,L'industrie des entreprises de commerce et des distributeurs dans le secteur des produits industriels comprend les sociétés commerciales et les autres distributeurs de matériel et de produits de l’industrie.,La industria de empresas de comercio y distribuidores en el sector de productos industriales incluye a sociedades comerciales y otros distribuidores de material y productos de la industria.
Transportation Infrastructure,Infrastructures de Transport ,Infraestructuras de Transporte ,Industrials,6,"The Transportation Infrastructure Industry in the Industrials Sector includes operators of airports and companies providing related services, owners and operators of roads, tunnels, and rail tracks, and marine ports owners and operators.","L'industrie des infrastructures de transport dans le secteur des produits industriels comprend les exploitants des aéroports et des sociétés fournissant des services connexes, les propriétaires et les exploitants des routes, des tunnels, et des voies ferrées, et des propriétaires et exploitants de ports maritimes.","La industria de infraestructuras de transporte en el sector de productos industriales incluye a los explotadores de aeropuertos y sociedades que prestan servicios conexos, a propietarios y explotadores de carreteras, túneles, y ferrocarriles, y los propietarios y explotadores de puertos marítimos."
Communications Equipment,Matériel de Communication,Material de Comunicación ,Information Technology,7,"The Communications Equipment Industry in the Information Technology Sector includes manufacturers of communications equipment and products (including LANs, WANs, routers, telephones, switchboards, and exchanges).","L'industrie du matériel de communication dans le secteur des technologies de l'information comprend les fabricants d’équipements et de produits de communication (y compris LAN, WAN, routeurs, téléphones, tablettes, et rechanges).","La industria del material de comunicación en el sector de las tecnologías de la información incluye a los fabricantes de equipamientos y productos de comunicación (incluidos LAN, WAN, combinados de redes, teléfonos, tabletas, y recambios)."
"Electronic Equipment, Instruments & Components","Matériel Electronique, des Instruments et des Composants","Material Electrónico, Instrumentos y Componentes ",Information Technology,7,"The Electronic Equipment, Instruments and Components Industry in the Information Technology Sector includes producers of electronic equipment, instruments, electronic components and electronic equipment mainly for the OEM (Original Equipment Manufacturers) markets (including analytical, electronic test and measurement instruments, electronic components, connection devices, equipment not classified elsewhere, and distributors of technology hardware and equipment).","L'industrie du matériel électronique, des instruments et des composants dans le secteur des technologie de l'information comprend les producteurs du secteur de l'équipement électronique, les instruments, les composants électroniques et les équipements électroniques principalement pour les marchés OEM (Original Equipement Manufacturer) (y compris l’analyse, les instruments de test et de mesure électroniques, les composants électroniques, les appareils de raccordement, les équipements non classés ","La industria del material electrónico, instrumentos y componentes en el sector de las tecnologías de la información incluye a los productores del sector de equipamiento electrónico, instrumentos, componentes electrónicos y equipamientos electrónicos principalmente para los mercados OEM (Original Equipement Manufacturer) (incluidos el análisis, los instrumentos de prueba y medida electrónicos, los componentes electrónicos, los aparatos de conexión, los equipamientos no clasificados en otro lugar,"
IT Services,Services Informatiques,Servicios Informáticos,Information Technology,7,"The IT Services Industry in the Information Technology Sector includes providers of information technology and systems integration services not classified in the Data Processing and Outsourced Services or Internet Software and Services industries. It includes information technology consulting, information management services, and providers of commercial electronic data processing and/or business process outsourcing services such as back-office automation.","L'industrie des services informatiques dans le secteur des technologies de l'information comprend les fournisseurs des technologies de l'information et des services d'intégration de systèmes non classés dans le traitement des données et des services ou des logiciels Internet et les industries des services externalisés. Il comprend le conseil en technologies de l'information, les services de gestion de l'information, et les fournisseurs de traitement commercial et ou processus d'affaires des serv","La industria de servicios informáticos en el sector de las tecnologías de la información incluye a los proveedores de tecnologías de la información y servicios de integración de sistemas no clasificados en el tratamiento de datos y servicios o programas informáticos de Internet y las industrias de servicios externalizados.  Incluye la asesoría en tecnologías de la información, servicios de gestión de la información, y a los proveedores de tratamiento comercial y/o proceso de negocios de servicio"
Internet Software & Services,Logiciel d'Internet et des Services ,Programas Informáticos de Internet y Servicios ,Information Technology,7,"The Internet Software and Services Industry in the Information Technology Sector includes companies developing and marketing internet software and/or providing internet services including online databases and interactive services, web address registration services, database construction, and internet design services. It does not include companies classified in the Internet Retail industry.","L’industrie du logiciel d'Internet et des services dans le secteur des technologies de l'information comprend les sociétés qui développent le logiciel  et la vente d'Internet et/ou fournissent des services d'Internet y compris les bases de données en ligne et les services interactifs, des services d'enregistrement d'adresse Web, la construction de base de données, et la conception et les services Internet. Il ne comprend pas des sociétés répertoriées dans l'industrie Internet de détail.","La industria de programas informáticos de Internet y servicios en el sector de las tecnologías de la información incluye a sociedades que desarrollan programas informáticos y la venta de Internet y/o prestan servicios de Internet incluidas las bases de datos en línea y los servicios interactivos, los servicios de registro de dirección Web, la construcción básica de datos, y la concepción y servicios Internet.  No incluye a sociedades listadas en la industria Internet al por menor."
Semiconductors & Semiconductor Equipment,Semi-conducteurs et de l'équipement des Semi-Conducteurs,Semiconductores y Equipamiento de Semiconductores ,Information Technology,7,"The Semiconductors and Semiconductor Equipment Industry in the Information Technology Sector includes manufacturers of semiconductors, semiconductor equipment, and related products.","L'industrie des semi-conducteurs et de l'équipement des semi-conducteurs dans le secteur des technologies de l'information comprend les fabricants de semi-conducteurs, de l'équipement des semi-conducteurs, et des produits connexes.","La industria de los semiconductores y equipamiento de semiconductores en el sector de las tecnologías de la información incluye a los fabricantes de semiconductores, equipamiento de semiconductores, y productos conexos."
Software,Logiciel ,Programas Informáticos,Information Technology,7,"The Software Industry in the Information Technology Sector includes application, systems, and home entertainment software companies engaged in developing and producing software designed for specialized applications for the business or consumer market.","L'industrie du logiciel dans le secteur des technologies de l'information comprend des applications, des systèmes, du divertissement à domicile et les entreprises de logiciels engagées dans le développement et la production de logiciels conçus pour des applications spécialisées pour le marché des entreprises ou des pour des consommateurs.","La industria de programas informáticos en el sector de las tecnologías de la información incluye aplicaciones, sistemas, entretenimiento en el hogar y las empresas de programas informáticos implicadas en el desarrollo y producción de programas informáticos concebidos para aplicaciones especializadas para el mercado empresarial o los consumidores."
"Technology Hardware, Storage & Peripherals","Matériel de Technologie, de Stockage et de Périphériques","Material de Tecnología, Almacenamiento y Periféricos",Information Technology,7,"The Technology Hardware, Storage & Peripherals Industry in the Information Technology Sector includes manufacturers of cellular phones, personal computers, servers, electronic computer components and peripherals (including data storage components, motherboards, audio and video cards, monitors, keyboards, printers and other peripherals).","L'industrie du matériel de technologie, de stockage et de périphériques dans les technologies de l'information comprend les fabricants des téléphones cellulaires, des ordinateurs personnels, des serveurs, des composants électroniques pour ordinateur et périphériques (y compris des composants de stockage de données, des cartes mères, des cartes vidéo et audio, des moniteurs, des claviers, des imprimantes et autres périphériques).","La industria del material de tecnología, almacenamiento y periféricos en el sector de las tecnologías de la información incluye a los fabricantes de teléfonos celulares, ordenadores personales, servidores, componentes electrónicos para ordenador y periféricos (incluidos componentes de almacenamiento de datos, tarjetas madres, tarjetas video y audio, monitores, teclados, impresoras y otros periféricos)."
Chemicals,Produits Chimiques,Productos Químicos ,Materials,8,"The Chemicals Industry in the Materials Sector includes producers of commodity, diversified, fertilizers, agricultural, and specialty chemicals. It also includes manufacturers of industrial gases.","L'industrie des produits chimiques dans le secteur de matériaux comprend des producteurs de matières premières, diversifiées, d’engrais, et de produits chimiques de spécialité. Il comprend également les fabricants de l’industrie du gaz.","La industria de productos químicos en el sector de materiales incluye a productores de materias primas, diversificadas, abonos, y productos químicos de especialidad. Incluye también a los fabricantes de la industria del gas."
Construction Materials,Matériaux de Construction,Materiales de Construcción,Materials,8,"The Construction Materials Industry in the Materials Sector includes manufacturers of construction materials including sand, clay, gypsum, lime, aggregates, cement, concrete, and bricks. Other finished or semi-finished building materials are classified in the Building Products industry.","L'industrie des matériaux de construction dans le secteur de matériaux comprend les fabricants de matériaux de construction y compris le sable, l'argile, le gypse, la chaux, les agrégats, le ciment, le béton, et les briques. D’autres matériaux de construction finis ou semi-finis sont classés dans l'industrie des matériaux de construction.","La industria de materiales de construcción en el sector de materiales incluye a los fabricantes de materiales de construcción incluida la arena, la arcilla, el yeso, la cal, los agregados, el cemento, el hormigón, y los ladrillos. Otros materiales de construcción terminados o semielaborados se clasifican en la industria de materiales de construcción."
Containers & Packaging,Conteneurs et Emballages ,Contenedores y Embalajes,Materials,8,"The Containers and Packaging Industry in the Materials Sector includes manufacturers of metal, glass, or plastic containers (including corks and caps), and manufacturers of paper and cardboard containers and packaging.","L'industrie des conteneurs et emballages dans le secteur des matériaux comprend les fabricants de métal, de verre, ou des récipients en plastique (y compris les bouchons et capsules), et les fabricants de contenants de papier et en carton et de l'emballage.","La industria de contenedores y embalajes en el sector de materiales incluye a los fabricantes de metal, vidrio o recipientes de plástico (incluidos los tapones y cápsulas), y a los fabricantes de envases de papel y cartón y embalajes."
Metals  & Mining,Minière et des Métaux,Minera y Metales ,Materials,8,"The Metals and Mining Industry in the Materials Sector includes producers of aluminum and related products; companies engaged in diversified metals and mining production or extraction of gold, precious metals, minerals and related products; and producers of iron, steel and related products.","L'industrie minière et des métaux dans le secteur des matériaux comprend les producteurs d’aluminium et de produits connexes; les entreprises engagées dans des métaux diversifiés ou la production minière ou l'extraction de l'or, des métaux précieux, des minéraux et des produits connexes; et les producteurs de fer, d’acier et de produits connexes.","La industria minera y metales en el sector de materiales incluye a productores de aluminio y productos conexos; empresas implicadas en metales diversificados o la producción minera o extracción del oro, metales preciosos, minerales y productos conexos; y productores de hierro, acero y productos conexos."
Paper & Forest Products,Forestière et des Produits du Papier ,Forestal y de Productos de Papel,Materials,8,"The Paper and Forest Products Industry in the Materials Sector includes manufacturers of timber, related wood products, and all grades of paper. It includes manufacturers of lumber for the building industry, and excludes companies specializing in paper packaging.","L'industrie forestière et des produits du papier dans le secteur des matériaux comprend les fabricants de bois, des produits à base de bois, et toutes qualités de papier. Il comprend les fabricants de bois pour l'industrie du bâtiment, et exclut les sociétés spécialisées dans les emballages en papier.","La industria forestal y de productos de papel en el sector de materiales incluye a fabricantes de madera, productos a base de madera, y todas las calidades de papel.  Incluye a fabricantes de madera para el sector de la construcción, y excluye a las sociedades especializadas en embalajes de papel."
Diversified Telecommunication Services,Services de Télécommunications Diversifiés,Servicios de Telecomunicaciones Diversificados,Telecommunication Services,9,"The Diversified Telecommunication Services Industry in the Telecommunication Services Sector includes Alternative Carriers, providers of communications, and high-density data transmission services primarily through a high bandwidth/fiber-optic cable network. It includes Integrated Telecommunication Services, operators of primarily fixed-line telecommunications networks, and companies providing both wireless and fixed-line telecommunications services not classified elsewhere.","L’industrie des services de télécommunications diversifiés dans le secteur des services de télécommunications comprend les transporteurs alternatifs, les fournisseurs des communications et des services de transmission de données à haute densité grâce principalement à une bande passante élevé / fibre optique de réseau câblé. Il comprend des services intégrés de télécommunications, des opérateurs principalement des réseaux fixes, et des sociétés fournissant des services fixes de télécommunications","La industria de servicios de telecomunicaciones diversificados en el sector de servicios de telecomunicación incluye a los transportistas alternativos, proveedores de comunicaciones y servicios de transmisión de datos de alta densidad gracias principalmente a una banda de transmisión ancha/fibra óptica de red por cable.  Incluye servicios integrados de telecomunicaciones, a operadores principalmente de redes fijas, y sociedades que prestan servicios fijos de telecomunicación de dos líneas e inal"
Wireless Telecommunication Services,Services de Télécommunications sans fil ,Servicios de Telecomunicaciones Inalámbricos ,Telecommunication Services,9,"The Wireless Telecommunication Services Industry in the Telecommunication Services Sector includes providers of primarily cellular or wireless telecommunication services, including paging services.","L’industrie des services de télécommunications sans fil dans le secteur des services de télécommunication comprend principalement des fournisseurs de services de télécommunications cellulaire ou sans fil, y compris les services de radiomessagerie.","La industria de servicios de telecomunicaciones inalámbricos en el sector de servicios de telecomunicación incluye principalmente a prestatarios de servicios de telecomunicaciones celulares o inalámbricos, incluidos servicios de radio mensajería."
Electrical Utilities,Electrique ,Eléctrica,Utilities,10,The Electric Utilities Industry in the Utilities Sector includes companies that produce or distribute electricity (including nuclear and non-nuclear facilities).,L'industrie électrique dans le secteur des services publics comprend les entreprises qui produisent ou distribuent de l'électricité (y compris les installations nucléaires et non-nucléaires).,La industria eléctrica en el sector de servicios públicos incluye a las empresas que producen o distribuyen electricidad (incluidas las centrales nucleares y no nucleares).
Gas Utilities,Gaz,Gas ,Utilities,10,"The Gas Utilities Industry in the Utilities Sector includes companies whose main charter is to distribute and transmit natural and manufactured gas. It does not include companies primarily involved in gas exploration or production classified in the Oil and Gas Exploration & Production industry, or diversified midstream natural gas companies classified in the Oil and Gas Storage and Transportation industry.","L'industrie du gaz dans le secteur des services publics comprend les entreprises dont le rôle principal est de distribuer et de transmettre du gaz naturel et fabriqué. Il ne comprend pas les entreprises œuvrant principalement dans l'exploration gazière ou classées dans l’exploration pétrolière et gazière et l'industrie de la production, ou des sociétés médianes diversifiées de gaz naturel classées dans l'industrie du pétrole et de stockage de gaz et des transports.","La industria de gas en el sector de servicios públicos incluye a empresas cuyo papel principal es distribuir y transmitir gas natural y licuado. No incluye a las empresas que trabajan principalmente en la exploración gasera o están clasificadas en la exploración petrolífera y gasera y la industria de producción, o sociedades medianas diversificadas de gas natural clasificadas en la industria del petróleo y almacenamiento de gas y transportes."
Independent Power and Renewable Electricity Producers,Producteurs Indépendants et de l’électricité Renouvelable ,Productores Independientes y Electricidad Renovable ,Utilities,10,"The Independent Power and Renewable Electricity Producers Industry in the Utilities Sector includes companies that operate as Independent Power Producers (IPPs), Gas and Power Marketing and Trading Specialists, and/or Integrated Energy Merchants. It includes companies that engage in the generation and distribution of electricity using renewable sources, including, but not limited to, companies that produce electricity using biomass, geothermal energy, solar energy, hydropower, and wind power. It","L’industrie des producteurs indépendants et de l’électricité renouvelable dans le secteur des services publics comprend les entreprises qui fonctionnent comme des producteurs d’énergie indépendants (PEI) de gaz et des commerçants d’énergie et des spécialistes du commerce et/ou de la commercialisation intégrée de l'énergie. Il comprend les sociétés engagées dans la production et la distribution d'électricité à partir de sources renouvelables, y compris des friandises mais sans s'y limiter, les en","La industria de productores independientes y electricidad renovable en el sector de servicios públicos incluye a empresas que funcionan como productores de energía independientes (PEI) de gas y comerciantes de energía y especialistas del comercio y/o comercialización integrada de energía.  Incluye a sociedades implicadas en la producción y distribución de electricidad a partir de fuentes renovables, incluidas golosinas pero sin limitarse a ello, las empresas que producen electricidad a partir de"
Multi-Utilities,Multiservices,Servicios Publicos Multiples,Utilities,10,"The Multi-Utilities Industry in the Utilities Sector includes utility companies with significantly diversified activities in addition to core Electric Utility, Gas Utility, and/or Water Utility operations.","L'industrie multiservices dans le secteur des services publics comprend des entreprises de services publics de manière significative avec des activités diversifiées dans l’utilitaire d’électricité, l’utilitaire de gaz et / ou les opérations utilitaires de l’eau.","La industria de servicios publicos multiples en el sector de servicios públicos incluye empresas de servicios públicos significativamente con actividades diversificadas en la utilidad de electricidad, utilidad del gas y/o las operaciones utilitarias del agua."
Water Utilities,Utilitaires d'eau ,Utilidades de Agua,Utilities,10,The Water Utilities Industry in the Utilities Sector includes companies that purchase and redistribute water to the end-consumer (including large-scale water treatment systems).,L'industrie des utilitaires d'eau dans le secteur des services publics comprend les compagnies qui achètent et redistribuent l'eau pour le consommateur (y compris les systèmes de traitement d'eau à grande échelle).,La industria de las utilidades de agua en el sector de servicios públicos incluye a las compañías que compran y redistribuyen agua para el consumidor (incluidos los sistemas de tratamiento de agua a gran escala).
NonProfit,Commercial -  No Lucratif,Comercial no Lucrativo,NonProfit ,11,Nonprofit activies which are not for profit.,Les activités commerciales de caractère non lucratif .,Las actividades comerciales de naturaleza no lucrativas.
Government,Gouvernemental,Gubernamental,Government,12,Governmental activities which are not for profit.,Les activités gouvernementales de caractère non lucratif .,Las actividades gubernamentales de naturaleza no lucrativas.
